{"cameraMode":{"drawMode":0,"name":"Shaded","section":"Shading Mode"},"sceneLighting":true,"audioPlay":false,"sceneViewState":{"showFog":true,"showMaterialUpdate":false,"showSkybox":true,"showFlares":true,"showImageEffects":true,"showParticleSystems":true},"in2DMode":false,"pivot":{"x":0.019999999552965165,"y":6.210000038146973,"z":-6.440000057220459},"rotation":{"x":0.06894424557685852,"y":-0.005385207012295723,"z":0.00037220006925053895,"w":0.9976059794425964},"size":22.0,"orthographic":false}