{"cameraMode":{"drawMode":0,"name":"Shaded","section":"Shading Mode"},"sceneLighting":false,"audioPlay":false,"sceneViewState":{"showFog":true,"showMaterialUpdate":false,"showSkybox":false,"showFlares":true,"showImageEffects":true,"showParticleSystems":true},"in2DMode":false,"pivot":{"x":12.970000267028809,"y":1.100000023841858,"z":7.300000190734863},"rotation":{"x":-0.3553621470928192,"y":0.006166405044496059,"z":-0.0023443070240318777,"w":-0.9347054362297058},"size":2.8578836917877199,"orthographic":false}