{"cameraMode":{"drawMode":0,"name":"Shaded","section":"Shading Mode"},"sceneLighting":false,"audioPlay":false,"sceneViewState":{"showFog":true,"showMaterialUpdate":false,"showSkybox":false,"showFlares":true,"showImageEffects":true,"showParticleSystems":true},"in2DMode":false,"pivot":{"x":5.960464477539063e-8,"y":2.834841251373291,"z":7.678322792053223},"rotation":{"x":-0.09507999569177628,"y":-0.7239463329315186,"z":0.10187990218400955,"w":-0.6756345629692078},"size":14.17006778717041,"orthographic":false}